rmse,mse,pearson,spearman,ci,rm2
0.7452102543016317,0.5553383,0.5836330745491076,0.5400617599685646,0.790090256992167,0.30192384