rmse,mse,pearson,spearman,ci,rm2
0.5752222802878711,0.33088067,0.7320483030952751,0.7247229257171393,0.7886146658914117,0.50890774