rmse,mse,pearson,spearman,ci,rm2
0.7443089732779166,0.55399585,0.588397868592276,0.5116714845796799,0.7741954159405774,0.32315478