rmse,mse,pearson,spearman,ci,rm2
0.6879783180224728,0.47331417,0.6509408712359641,0.5926569974463084,0.8184883063450067,0.41169745